n,processes,total_time
n,processes,total_time
10000000,4,1.978523
15000000,4,3.784644
20000000,4,4.707520
25000000,4,6.417882
30000000,4,8.849056
35000000,4,9.375013
40000000,4,12.351085
45000000,4,17.511420
50000000,4,16.046922
55000000,4,22.046465
60000000,4,20.556564
65000000,4,20.354225
70000000,4,26.592600
75000000,4,25.586621
80000000,4,29.832725
85000000,4,29.588652
90000000,4,32.121394
95000000,4,37.033950
100000000,4,44.514442
105000000,4,40.418136
110000000,4,40.874318
115000000,4,49.318876
120000000,4,46.741972
125000000,4,49.897721
130000000,4,55.072287
135000000,4,58.153084
140000000,4,52.498838
145000000,4,57.047615
150000000,4,63.538203
155000000,4,68.776694
160000000,4,75.404195
165000000,4,75.311808
170000000,4,83.938416
175000000,4,77.217837
180000000,4,76.147154
185000000,4,79.126165
190000000,4,93.049602
195000000,4,89.651463
200000000,4,91.211419
